name,date_of_birth
Manuel Neuer,27-03-1986
Yann Sommer,17-12-1988
Sven Ulreich,03-08-1988
Johannes Schenk,13-01-2003
Matthijs de Ligt,12-08-1999
Dayot Upamecano,27-10-1998
Lucas Hernández,14-02-1996
Alphonso Davies,02-11-2000
Daley Blind,09-03-1990
João Cancelo,27-05-1994
Benjamin Pavard,28-03-1996
Noussair Mazraoui,14-11-1997
Josip Stanisic,02-04-2000
Bouna Sarr,31-01-1992
Joshua Kimmich,08-02-1995
Leon Goretzka,06-02-1995
Ryan Gravenberch,16-05-2002
Jamal Musiala,26-02-2003
Paul Wanner,23-12-2005
Arijon Ibrahimovic,11-12-2005
Kingsley Coman,13-06-1996
Sadio Mané,10-04-1992
Leroy Sané,11-01-1996
Serge Gnabry,14-07-1995
Thomas Müller,13-09-1989
Mathys Tel,27-04-2005
Eric Maxim Choupo-Moting,23-3-1989
Gregor Kobel,06-12-1997
Marcel Lotka,25-05-2001
Alexander Meyer,13-04-1991
Luca Unbehaun,27-02-2001
Nico Schlotterbeck,01-12-1999
Niklas Süle,03-09-1995
Mats Hummels,16-12-1988
Soumaïla Coulibaly,14-10-2003
Antonios Papadopoulos,10-09-1999
Raphaël Guerreiro,22-12-1993
Tom Rothe,29-10-2004
Nico Schulz,01-04-1993
Julian Ryerson,17-11-1997
Marius Wolf,27-05-1995
Thomas Meunier,12-09-1991
Mateu Morey Bauzà,02-04-2000
Salih Özcan,11-01-1998
Emre Can,12-01-1994
Abdoulaye Kamara,06-11-2004
Jude Bellingham,29-06-2003
Mahmoud Dahoud,01-01-1996
Julian Brandt,02-05-1996
Giovanni Reyna,13-11-2002
Marco Reus,31-05-1989
Göktan Gürpüz,22-01-2003
Karim Adeyemi,18-01-2002
Jamie Bynoe-Gittens,08-08-2004
Donyell Malen,19-01-1999
Julien Duranville,05-05-2006
Sébastien Haller,22-06-1994
Youssoufa Moukoko,20-11-2004
Anthony Modeste,14-04-1988
Péter Gulácsi,06-05-1990
Janis Blaswich,02-05-1991
Ørjan Nyland,10-09-1990
Jonas Nickisch,10-05-2004
Timo Schlieck,02-03-2006
Josko Gvardiol,23-01-2002
Mohamed Simakan,03-05-2000
Abdou Diallo,04-05-1996
Willi Orbán,03-11-1992
David Raum,22-04-1998
Marcel Halstenberg,27-09-1991
Sanoussy Ba,05-01-2004
Benjamin Henrichs,23-02-1997
Lukas Klostermann,03-06-1996
Konrad Laimer,27-05-1997
Xaver Schlager,28-09-1997
Amadou Haidara,31-01-1998
Kevin Kampl,09-10-1990
Dani Olmo,07-05-1998
Dominik Szoboszlai,25-10-2000
Emil Forsberg,23-10-1991
Caden Clark,27-05-2003
Christopher Nkunku,14-11-1997
Timo Werner,06-03-1996
André Silva,06-11-1995
Yussuf Poulsen,15-06-1994
Lukas Hradecky,24-11-1989
Patrick Pentz,02-01-1997
Andrey Lunev,13-11-1991
Niklas Lomb,28-07-1993
Edmond Tapsoba,02-02-1999
Piero Hincapié,09-01-2002
Jonathan Tah,11-02-1996
Odilon Kossounou,04-01-2001
Mitchel Bakker,20-06-2000
Daley Sinkgraven,04-07-1995
Jeremie Frimpong,10-12-2000
Timothy Fosu-Mensah,02-01-1998
Robert Andrich,22-09-1994
Noah Mbamba,05-01-2005
Ayman Azhil,10-04-2001
Joshua Eze,20-03-2003
Exequiel Palacios,05-10-1998
Kerem Demirbay,03-07-1993
Nadiem Amiri,27-10-1996
Florian Wirtz,03-05-2003
Callum Hudson-Odoi,07-11-2000
Amine Adli,10-05-2000
Moussa Diaby,07-07-1999
Karim Bellarabi,08-04-1990
Patrik Schick,24-01-1996
Adam Hlozek,25-07-2002
Sardar Azmoun,01-01-1995
Kevin Trapp,08-07-1990
Diant Ramaj,19-09-2001
Jens Grahl,22-09-1988
Simon Simoni,14-07-2004
Evan Ndicka,20-08-1999
Tuta,04-07-1999
Hrvoje Smolcic,17-08-2000
Almamy Touré,28-04-1996
Makoto Hasebe,18-01-1984
Philipp Max,30-09-1993
Christopher Lenz,22-09-1994
Jan Schröder,16-06-1941
Aurélio Buta,10-02-1997
Timothy Chandler,29-03-1990
Kristijan Jakic,14-05-1997
Djibril Sow,06-02-1997
Sebastian Rode,11-10-1990
Marcel Wenig,04-05-2004
Mehdi Loune,14-05-2004
Junior Dina Ebimbe,21-11-2000
Daichi Kamada,05-08-1996
Jesper Lindström,29-02-2000
Mario Götze,03-06-1992
Paxten Aaronson,26-08-2003
Faride Alidou,18-07-2001
Ansgar Knauff,10-01-2002
Randal Kolo Muani,05-12-1998
Rafael Borré,15-09-1995
Lucas Alario,08-10-1992
Jonas Omlin,10-01-1994
Jan Olschowsky,18-11-2001
Tobias Sippel,22-03-1988
Nico Elvedi,30-09-1996
Ko Itakura,27-01-1997
Marvin Friedrich,13-12-1995
Tony Jantschke,07-04-1990
Mamadou Doucouré,21-05-1998
Ramy Bensebaini,16-04-1995
Luca Netz,15-05-2003
Joe Scally,31-12-2002
Stefan Lainer,27-08-1992
Julian Weigl,08-09-1995
Christoph Kramer,19-02-1991
Manu Koné,17-05-2001
Florian Neuhaus,16-03-1997
Oscar Fraulo,06-12-2003
Lars Stindl,26-08-1988
Conor Noß,01-01-2001
Alassane Plea,10-03-1993
Hannes Wolf,16-04-1999
Yvandro Borges Sanches,24-05-2004
Jonas Hofmann,14-07-1992
Nathan Ngoumou,14-03-2000
Patrick Herrmann,12-02-1991
Marcus Thuram,06-08-1997
Koen Casteels,25-06-1992
Pavao Pervan,13-11-1987
Philipp Schulze, 29-01-2003
Niklas Klinger, 13-10-1995
Maxence Lacroix,06-04-2000
Micky van de Ven,19-04-2001
Sebastiaan Bornauw,22-03-1999
Paulo Otávio,23-11-1994
Nicolas Cozza,08-01-1999
Ridle Baku,08-04-1998
Kilian Fischer,12-10-2000
Bartol Franjic, 14-01-2000
Josuha Guilavogui,19-09-1990
Maximilian Arnold,27-05-1994
Mattias Svanberg,05-01-1999
Yannick Gerhardt,13-03-1994
Kevin Paredes,07-05-2003
Felix Nmecha,10-10-2000
Jakub Kaminski,05-06-2002
Patrick Wimmer,30-05-2001
Luca Waldschmidt,19-05-1996
Lukas Nmecha,14-12-1998
Jonas Wind,07-02-1999
Omar Marmoush,07-02-1999
Dzenan Pejcinovic,15-02-2005
Mark Flekken,13-06-1993
Noah Atubolu,25-05-2002
Benjamin Uphoff,08-08-1993
Philipp Lienhart,11-07-1996
Matthias Ginter,19-01-1994
Manuel Gulde,12-02-1991
Kenneth Schmidt,03-06-2002
Christian Günter,28-02-1993
Kimberly Ezekwem,19-06-2001
Kiliann Sildillia,16-05-2002
Lukas Kübler,30-08-1992
Jonathan Schmid,22-06-1990
Yannik Keitel,15-02-2000
Nicolas Höfler,09-03-1990
Maximilian Eggestein,08-12-1996
Merlin Röhl,05-07-2002
Robert Wagner,10-02-1930
Daniel-Kofi Kyereh,08-03-1996
Vincenzo Grifo,07-04-1993
Noah Weißhaupt,20-09-2001
Ritsu Doan,16-06-1998
Roland Sallai,22-05-1997
Woo-yeong Jeong,20-09-1999
Michael Gregoritsch,18-04-1994
Lucas Höler,10-07-1994
Nils Petersen,06-12-1988
Oliver Baumann,02-06-1990
Philipp Pentke,01-05-1985
Luca Philipp,28-11-2000
Nahuel Noll,17-03-2003
Ozan Kabak,25-03-2000
Stanley Nsoki,09-04-1999
Kevin Akpoguma,19-04-1995
Kevin Vogt,23-09-1991
John Anthony Brooks,28-01-1993
Eduardo Quaresma,02-03-2002
Ermin Bicakcic,24-01-1990
Angeliño,04-01-1997
Pavel Kaderabek,25-04-1992
Justin Che,18-11-2003
Angelo Stiller,04-04-2001
Sebastian Rudy,28-02-1990
Grischa Prömel,09-01-1995
Thomas Delaney,03-09-1991
Finn Ole Becker,08-06-2000
Umut Tohumcu,11-08-2004
Robert Skov,20-05-1996
Christoph Baumgartner,01-08-1999
Tom Bischof,28-06-2005
Muhammed Damar,09-04-2004
Jacob Bruun Larsen,19-09-1998
Kasper Dolberg,06-10-1997
Andrej Kramaric,19-06-1991
Ihlas Bebou,23-04-1994
Munas Dabbur,14-05-1992
Fisnik Asllani,08-08-2002
Frederik Rönnow,04-08-1992
Lennart Grill,25-01-1999
Jakob Busk,12-09-1993
Danilho Doekhi,30-06-1998
Paul Jaeckel,22-07-1998
Robin Knoche,22-05-1992
Timo Baumgartl,04-03-1996
Jérôme Roussillon,06-01-1993
Niko Gießelmann,26-09-1991
Josip Juranovic,16-08-1995
Christopher Trimmel,24-02-1987
Rani Khedira,27-01-1994
Morten Thorsby,05-05-1996
Janik Haberer,02-04-1994
András Schäfer,13-04-1999
Aïssa Laïdouni,13-12-1996
Paul Seguin,29-03-1995
Levin Öztunali,15-03-1996
Kevin Möhwald,03-07-1993
Milos Pantovic,07-07-1996
Tim Maciejewski,05-03-2001
Sheraldo Becker,09-02-1995
Jamie Leweling,26-02-2001
Theoson-Jordan Siebatcheu,26-04-1996
Kevin Behrens,03-02-1991
Sven Michel,15-07-1990
Rafal Gikiewicz,26-10-1987
Tomas Koubek,26-08-1992
Daniel Klein,13-03-2001
Benjamin Leneis,08-03-1999
Felix Uduokhai,09-09-1997
Reece Oxford,16-12-1998
Jeffrey Gouweleeuw,10-07-1991
Maximilian Bauer,09-02-2000
Iago Amaral Borduchi,23-03-1997
Mads Pedersen,01-09-1996
David Colina,19-07-2000
Aaron Zehnter,31-10-2004
Robert Gumny,04-06-1998
Niklas Dorsch,15-01-1998
Renato Veiga,29-07-2003
Tobias Strobl,12-05-1990
Julian Baumgartlinger,02-01-1988
Arne Maier,08-01-1999
Elvis Rexhbecaj,01-11-1997
Arne Engels,08-09-2003
Fredrik Jensen,09-09-1997
Rubén Vargas,05-08-1998
Nathanaël Mbuku,16-03-2002
André Hahn,13-08-1990
Noah Joel Sarenren Bazee,21-08-1996
Daniel Caligiuri,15-01-1988
Ermedin Demirovic,25-03-1998
Mergim Berisha,11-05-1998
Dion Beljo,01-03-2002
Kelvin Yeboah,06-05-2000
Irvin Cardona,08-08-1997
Florian Müller,13-11-1997
Fabian Bredlow,02-03-1995
Florian Schock,22-05-2001
Konstantinos Mavropanos,11-12-1997
Hiroki Ito,12-05-1999
Waldemar Anton,20-07-1996
Dan-Axel Zagadou,03-06-1999
Antonis Aidonis,22-05-2001
Borna Sosa,21-01-1998
Josha Vagnoman,11-12-2000
Pascal Stenzel,20-03-1996
Wataru Endō,09-02-1993
Atakan Karazor,13-10-1996
Enzo Millot,17-07-2002
Nikolas Nartey,22-02-2000
Genki Haraguchi,09-05-1991
Lilian Egloff,20-08-2002
Ömer Beyaz,29-08-2003
Laurin Ulrich,31-01-2005
Silas Katompa Mvumpa,06-10-1998
Chris Führich,09-01-1998
Tanguy Coulibaly,18-02-2001
Gil Dias,28-09-1996
Serhou Guirassy,12-03-1996
Tiago Tomás,16-06-2002
Juan José Perea,23-02-2000
Luca Pfeiffer,20-08-1996
Thomas Kastanaras,09-01-2003
Alou Kuol,05-07-2001
Robin Zentner,28-10-1994
Finn Dahmen,27-03-1998
Lasse Rieß,27-07-2001
Maxim Leitsch,18-05-1998
Andreas Hanche-Olsen,17-01-1997
Stefan Bell,24-08-1991
Alexander Hack,08-09-1993
Philipp Schulz,25-05-2005
Anthony Caci,01-07-1997
Aarón Martín,22-04-1997
Silvan Widmer,05-03-1993
Danny da Costa,13-07-1993
Anton Stach,15-11-1998
Leandro Barreiro,03-01-2000
Dominik Kohr,31-01-1994
Edimilson Fernandes,15-04-1996
Aymen Barkok,21-05-1998
Eniss Shabani,29-05-2003
Jae-sung Lee,10-08-1992
Delano Burgzorg,07-11-1998
Brajan Gruda,31-05-2004
Jonathan Burkardt,11-07-2000
Ludovic Ajorque,25-02-1994
Marcus Ingvartsen,04-01-1996
Karim Onisiwo,17-03-1992
Nelson Weiper,17-03-2005
Marlon Mustapha,24-05-2001
Marvin Schwäbe,25-04-1995
Timo Horn,12-05-1993
Julian Roloff,17-01-2001
Matthias Köbbing,28-05-1997
Timo Hübers,20-07-1996
Luca Kilian,01-09-1999
Julian Chabot,12-02-1998
Nikola Soldo,25-01-2001
Rijad Smajic,02-05-2004
Jonas Hector,27-05-1990
Kristian Pedersen,04-08-1994
Benno Schmitz,17-11-1994
Ellyes Skhiri,10-05-1995
Dejan Ljubičić,08-10-1997
Eric Martel,29-04-2002
Georg Strauch,30-03-2001
Denis Huseinbasic,03-07-2001
Mathias Olesen,21-03-2001
Joshua Schwirten,07-01-2002
Kingsley Schindler,12-07-1993
Florian Kainz,24-10-1992
Jan Thielmann,26-05-2002
Linton Maina,23-06-1999
Dimitrios Limnios,27-05-1998
Steffen Tigges,31-07-1998
Mark Uth,24-08-1991
Sargis Adamyan,23-05-1993
Tim Lemperle,05-02-2002
Davie Selke,20-01-1995
Sebastian Andersson,15-07-1991
Florian Dietz,03-08-1998
Maximilian Schmid,05-03-2003
Oliver Christensen,22-03-1999
Tjark Ernst,15-03-2003
Rune Jarstein,29-09-1984
Marc Oliver Kempf,28-01-1995
Márton Dárdai,12-02-2002
Agustín Rogel,17-10-1997
Filip Uremovic,11-02-1997
Maximilian Mittelstädt,18-03-1997
Marvin Plattenhardt,26-01-1992
Lukas Ullrich,16-03-2004
Jonjoe Kenny,15-03-1997
Peter Pekarik,30-10-1986
Julian Eitschberger,05-03-2004
Lucas Tousart,29-04-1997
Ivan Sunjic,09-10-1996
Tolga Cigerci,23-03-1992
Suat Serdar,11-04-1997
Jean-Paul Boëtius,22-03-1994
Kevin-Prince Boateng,06-03-1987
Chidera Ejuke,02-01-1998
Dodi Lukébakio,24-09-1997
Marco Richter,24-11-1997
Kelian Nsona,11-05-2002
Jessic Ngankam,20-07-2000
Wilfried Kanga,21-02-1998
Florian Niederlechner,24-10-1990
Stevan Jovetić,02-11-1989
Derry Scherhant,10-11-2002
Ibrahim Maza,24-11-2005
Jiří Pavlenka,14-04-1992
Michael Zetterer,12-07-1995
Mio Backhaus,16-04-2004
Dudu,10-02-1999
Louis Lord,22-10-2003
Marco Friedl,16-03-1998
Amos Pieper,17-01-1998
Niklas Stark,14-04-1995
Milos Veljkovic,26-09-1995
Fabio Chiarodia,05-06-2005
Lee Buchanan,07-03-2001
Anthony Jung,03-11-1991
Mitchell Weiser,21-04-1994
Felix Agu,27-09-1999
Ilia Gruev,06-05-2000
Christian Groß,08-02-1989
Dikeni Salifou,08-06-2003
Jens Stage,08-11-1996
Jean Manuel Mbom,24-02-2000
Romano Schmid,27-01-2000
Leonardo Bittencourt,19-12-1993
Niklas Schmidt,01-03-1998
Maximilian Philipp,01-03-1994
Niclas Füllkrug,09-02-1993
Marvin Ducksch,07-03-1994
Eren Dinkci,13-12-2001
Alexander Schwolow,02-06-1992
Ralf Fährmann,27-09-1988
Justin Heekeren,27-11-2000
Michael Langer,06-01-1985
Moritz Jenz,30-04-1999
Sepp van den Berg,20-12-2001
Leo Greiml,03-07-2001
Maya Yoshida,24-08-1988
Marcin Kaminski,15-01-1992
Henning Matriciani,14-03-2000
Timothée Kolodziejczak,01-10-1991
Ibrahima Cissé,28-02-1994
Thomas Ouwejan,30-09-1996
Jere Uronen,13-07-1994
Cédric Brunner,17-02-1994
Mehmet Aydin,09-02-2002
Alex Kral,19-05-1998
Éder Balanta,28-02-1993
Niklas Tauer,17-02-2001
Tom Krauß,22-06-2001
Danny Latza,07-12-1989
Soichiro Kozuki,22-12-2000
Tobias Mohr,24-08-1995
Rodrigo Zalazar,12-08-1999
Dominick Drexler,26-05-1990
Marius Bülter,29-03-1993
Tim Skarke,07-09-1996
Michael Frey,19-07-1994
Sebastian Polter,01-04-1991
Kenan Karaman,05-03-1994
Simon Terodde,02-03-1988
Manuel Riemann,09-09-1988
Marko Johansson,25-08-1998
Michael Esser,22-11-1987
Paul Grave,10-04-2001
Erhan Masovic,22-11-1998
Ivan Ordets,08-07-1992
Keven Schlotterbeck,28-04-1997
Dominique Heintz,15-08-1993
Vasilios Lampropoulos,31-03-1990
Mohammed Tolba,19-07-2004
Danilo Soares,29-10-1991
Konstantinos Stafylidis,02-12-1993
Jordi Osei-Tutu,02-10-1998
Saidy Janko,22-10-1995
Cristian Gamboa,24-10-1989
Jacek Goralski,21-09-1992
Anthony Losilla,10-03-1986
Patrick Osterhage,01-02-2000
Pierre Kunde,26-07-1995
Kevin Stöger,27-08-1993
Philipp Förster,04-02-1995
Gerrit Holtmann,25-03-1995
Christopher Antwi-Adjei,07-02-1994
Takuma Asano,10-11-1994
Philipp Hofmann,30-03-1993
Simon Zoller,26-06-1991
Silvère Ganvuola,29-06-1996
Moritz Broschinski,23-09-2000
